<?xml version="1.0" encoding="UTF-8"?>
<project-private xmlns="http://www.netbeans.org/ns/project-private/1">
    <editor-bookmarks xmlns="http://www.netbeans.org/ns/editor-bookmarks/2" lastBookmarkId="0"/>
    <open-files xmlns="http://www.netbeans.org/ns/projectui-open-files/2">
        <group>
            <file>file:/C:/Users/Md.%20Imrul%20Hassan/Documents/NetBeansProjects/Public_Toilet_Management/src/loginForm.java</file>
            <file>file:/C:/Users/Md.%20Imrul%20Hassan/Documents/NetBeansProjects/Public_Toilet_Management/src/MyModel.java</file>
            <file>file:/C:/Users/Md.%20Imrul%20Hassan/Documents/NetBeansProjects/Public_Toilet_Management/src/myConnection.java</file>
            <file>file:/C:/Users/Md.%20Imrul%20Hassan/Documents/NetBeansProjects/Public_Toilet_Management/src/contactQuery.java</file>
            <file>file:/C:/Users/Md.%20Imrul%20Hassan/Documents/NetBeansProjects/Public_Toilet_Management/src/Myfunc.java</file>
            <file>file:/C:/Users/Md.%20Imrul%20Hassan/Documents/NetBeansProjects/Public_Toilet_Management/src/contact.java</file>
            <file>file:/C:/Users/Md.%20Imrul%20Hassan/Documents/NetBeansProjects/Public_Toilet_Management/src/DatabaseForm.java</file>
            <file>file:/C:/Users/Md.%20Imrul%20Hassan/Documents/NetBeansProjects/Public_Toilet_Management/src/signupForm.java</file>
        </group>
    </open-files>
</project-private>
